\c happndb;

CREATE TABLE IF NOT EXISTS "User"(
  id SERIAL PRIMARY KEY,
  email VARCHAR(255) UNIQUE NOT NULL,
  user_name VARCHAR(255) NOT NULL,
  f_name VARCHAR(255) NOT NULL,
  l_name VARCHAR(255) NOT NULL,
  interests VARCHAR(255),
  twitch_channel TEXT,
  user_profile_link TEXT, 
  badge_data TEXT
);

INSERT INTO "User"(id,email,user_name,f_name,l_name,interests,twitch_channel, user_profile_link, badge_data) VALUES (1,'mologhlen0@xinhuanet.com','mologhlen0','Minna','O''Loghlen','vulputate ut ultrices vel augue vestibulum ante ipsum','https://amazon.com/elit.jsp?in=praesent&tempus=lectus&sit=vestibulum&amet=quam&sem=sapien&fusce=varius&consequat=ut&nulla=blandit&nisl=non&nunc=interdum&nisl=in&duis=ante&bibendum=vestibulum&felis=ante&sed=ipsum&interdum=primis&venenatis=in', 'https://xsgames.co/randomusers/avatar.php?g=male', 'advocate');
INSERT INTO "User"(id,email,user_name,f_name,l_name,interests,twitch_channel, user_profile_link, badge_data) VALUES (2,'lheam1@sfgate.com','lheam1','Lida','Heam','orci luctus et ultrices posuere cubilia curae','http://nhs.uk/quis/orci/eget/orci.aspx?donec=erat&odio=tortor&justo=sollicitudin&sollicitudin=mi&ut=sit&suscipit=amet&a=lobortis&feugiat=sapien&et=sapien&eros=non&vestibulum=mi&ac=integer&est=ac&lacinia=neque&nisi=duis&venenatis=bibendum&tristique=morbi&fusce=non&congue=quam&diam=nec&id=dui&ornare=luctus&imperdiet=rutrum&sapien=nulla&urna=tellus&pretium=in&nisl=sagittis&ut=dui&volutpat=vel&sapien=nisl&arcu=duis&sed=ac&augue=nibh&aliquam=fusce&erat=lacus&volutpat=purus&in=aliquet&congue=at&etiam=feugiat&justo=non&etiam=pretium&pretium=quis&iaculis=lectus&justo=suspendisse&in=potenti&hac=in&habitasse=eleifend&platea=quam&dictumst=a&etiam=odio&faucibus=in&cursus=hac&urna=habitasse&ut=platea&tellus=dictumst&nulla=maecenas&ut=ut&erat=massa&id=quis&mauris=augue&vulputate=luctus&elementum=tincidunt&nullam=nulla&varius=mollis&nulla=molestie&facilisi=lorem&cras=quisque&non=ut&velit=erat&nec=curabitur&nisi=gravida&vulputate=nisi&nonummy=at&maecenas=nibh&tincidunt=in&lacus=hac&at=habitasse&velit=platea&vivamus=dictumst&vel=aliquam&nulla=augue&eget=quam&eros=sollicitudin&elementum=vitae&pellentesque=consectetuer', 'https://xsgames.co/randomusers/avatar.php?g=male', 'advocate');
INSERT INTO "User"(id,email,user_name,f_name,l_name,interests,twitch_channel, user_profile_link, badge_data) VALUES (3,'lbulcock2@hao123.com','lbulcock2','Linus','Bulcock','lorem ipsum dolor sit amet consectetuer','http://issuu.com/lacus/at/velit/vivamus/vel.png?dolor=primis&sit=in&amet=faucibus&consectetuer=orci&adipiscing=luctus&elit=et&proin=ultrices&interdum=posuere&mauris=cubilia&non=curae&ligula=duis&pellentesque=faucibus&ultrices=accumsan&phasellus=odio&id=curabitur&sapien=convallis', 'https://xsgames.co/randomusers/avatar.php?g=male', 'advocate');
INSERT INTO "User"(id,email,user_name,f_name,l_name,interests,twitch_channel, user_profile_link, badge_data) VALUES (4,'inicholson3@shareasale.com','inicholson3','Iorgo','Nicholson','tortor sollicitudin mi sit amet lobortis sapien sapien non mi integer ac neque duis bibendum morbi non quam nec dui luctus','http://google.fr/platea/dictumst/morbi/vestibulum/velit/id/pretium.html?nam=a&ultrices=nibh&libero=in&non=quis&mattis=justo&pulvinar=maecenas&nulla=rhoncus&pede=aliquam&ullamcorper=lacus&augue=morbi&a=quis&suscipit=tortor&nulla=id&elit=nulla&ac=ultrices&nulla=aliquet&sed=maecenas&vel=leo&enim=odio&sit=condimentum&amet=id&nunc=luctus&viverra=nec&dapibus=molestie&nulla=sed&suscipit=justo&ligula=pellentesque&in=viverra&lacus=pede&curabitur=ac&at=diam&ipsum=cras&ac=pellentesque&tellus=volutpat&semper=dui&interdum=maecenas&mauris=tristique&ullamcorper=est&purus=et&sit=tempus&amet=semper&nulla=est&quisque=quam&arcu=pharetra&libero=magna&rutrum=ac&ac=consequat', 'https://xsgames.co/randomusers/avatar.php?g=male', 'advocate');
INSERT INTO "User"(id,email,user_name,f_name,l_name,interests,twitch_channel, user_profile_link, badge_data) VALUES (5,'srastrick4@netvibes.com','srastrick4','Sean','Rastrick','pellentesque viverra pede ac diam cras pellentesque volutpat dui maecenas tristique est et tempus semper est quam pharetra magna ac consequat metus sapien','http://google.co.jp/montes/nascetur/ridiculus.js?ipsum=augue&praesent=vestibulum&blandit=rutrum&lacinia=rutrum&erat=neque&vestibulum=aenean&sed=auctor&magna=gravida&at=sem&nunc=praesent&commodo=id&placerat=massa&praesent=id&blandit=nisl&nam=venenatis&nulla=lacinia&integer=aenean&pede=sit&justo=amet&lacinia=justo&eget=morbi&tincidunt=ut&eget=odio&tempus=cras&vel=mi&pede=pede&morbi=malesuada&porttitor=in&lorem=imperdiet&id=et&ligula=commodo&suspendisse=vulputate&ornare=justo&consequat=in&lectus=blandit&in=ultrices&est=enim&risus=lorem&auctor=ipsum&sed=dolor&tristique=sit&in=amet&tempus=consectetuer&sit=adipiscing&amet=elit&sem=proin&fusce=interdum&consequat=mauris&nulla=non&nisl=ligula&nunc=pellentesque&nisl=ultrices&duis=phasellus&bibendum=id&felis=sapien&sed=in&interdum=sapien&venenatis=iaculis&turpis=congue&enim=vivamus&blandit=metus&mi=arcu&in=adipiscing', 'https://xsgames.co/randomusers/avatar.php?g=male', 'advocate');
INSERT INTO "User"(id,email,user_name,f_name,l_name,interests,twitch_channel, user_profile_link, badge_data) VALUES (6,'lstitcher5@youtu.be','lstitcher5','Leslie','Stitcher','luctus et ultrices posuere cubilia curae duis faucibus accumsan odio curabitur convallis duis consequat dui nec','https://home.pl/hac/habitasse/platea/dictumst/etiam.png?curabitur=metus&convallis=vitae&duis=ipsum&consequat=aliquam&dui=non&nec=mauris&nisi=morbi&volutpat=non&eleifend=lectus&donec=aliquam&ut=sit&dolor=amet&morbi=diam&vel=in&lectus=magna&in=bibendum&quam=imperdiet&fringilla=nullam&rhoncus=orci&mauris=pede&enim=venenatis&leo=non&rhoncus=sodales&sed=sed&vestibulum=tincidunt&sit=eu&amet=felis&cursus=fusce', 'https://xsgames.co/randomusers/avatar.php?g=male', 'advocate');
INSERT INTO "User"(id,email,user_name,f_name,l_name,interests,twitch_channel, user_profile_link, badge_data) VALUES (7,'pyeowell6@google.com.au','pyeowell6','Perry','Yeowell','ante ipsum primis in faucibus orci luctus et ultrices posuere cubilia curae donec pharetra magna vestibulum aliquet ultrices erat tortor sollicitudin','https://shutterfly.com/sed/vel/enim/sit.aspx?mauris=pede&viverra=venenatis&diam=non&vitae=sodales&quam=sed&suspendisse=tincidunt&potenti=eu&nullam=felis&porttitor=fusce&lacus=posuere&at=felis&turpis=sed&donec=lacus&posuere=morbi&metus=sem&vitae=mauris&ipsum=laoreet&aliquam=ut&non=rhoncus&mauris=aliquet', 'https://xsgames.co/randomusers/avatar.php?g=male', 'advocate');
INSERT INTO "User"(id,email,user_name,f_name,l_name,interests,twitch_channel, user_profile_link, badge_data) VALUES (8,'jwinskill7@google.co.jp','jwinskill7','Justis','Winskill','in purus eu magna vulputate luctus cum sociis natoque penatibus et magnis dis parturient','https://51.la/amet/cursus/id/turpis/integer.jsp?elementum=posuere&eu=felis&interdum=sed&eu=lacus&tincidunt=morbi&in=sem&leo=mauris&maecenas=laoreet&pulvinar=ut&lobortis=rhoncus&est=aliquet&phasellus=pulvinar&sit=sed&amet=nisl&erat=nunc&nulla=rhoncus&tempus=dui&vivamus=vel&in=sem&felis=sed&eu=sagittis&sapien=nam&cursus=congue&vestibulum=risus&proin=semper&eu=porta&mi=volutpat&nulla=quam&ac=pede&enim=lobortis&in=ligula&tempor=sit&turpis=amet&nec=eleifend&euismod=pede&scelerisque=libero&quam=quis&turpis=orci&adipiscing=nullam&lorem=molestie&vitae=nibh&mattis=in&nibh=lectus&ligula=pellentesque', 'https://xsgames.co/randomusers/avatar.php?g=male', 'advocate');
INSERT INTO "User"(id,email,user_name,f_name,l_name,interests,twitch_channel, user_profile_link, badge_data) VALUES (9,'bganniclifft8@hao123.com','bganniclifft8','Babette','Ganniclifft','pede malesuada in imperdiet et commodo vulputate','https://virginia.edu/orci/luctus/et/ultrices/posuere.aspx?dis=lectus&parturient=pellentesque&montes=at&nascetur=nulla&ridiculus=suspendisse', 'https://xsgames.co/randomusers/avatar.php?g=male', 'advocate');

CREATE TABLE IF NOT EXISTS "Event"(
 id SERIAL PRIMARY KEY,
  title VARCHAR(255) NOT NULL,
  description TEXT NOT NULL,
  date DATE NOT NULL,
  time TIME NOT NULL,
  category VARCHAR(255) NOT NULL CHECK (LOWER(category) IN ('Conferences',
  'Festivals',
  'Sports',
  'Cultural',
  'Workshop',
  'Charity',
  'Community',
  'Food & Beverage')),
  address VARCHAR(255) NOT NULL,
  city VARCHAR(255) NOT NULL CHECK (LOWER(city) IN ('brooklyn', 'queens', 'manhattan', 'staten island', 'bronx', 'new york')) ,
  state VARCHAR(255) NOT NULL CHECK (LOWER(state) = 'ny'),
  zip INTEGER NOT NULL,
  img_link TEXT,
  organizer_user_id INTEGER NOT NULL,
  checked_in_users INTEGER,
  FOREIGN KEY (organizer_user_id) REFERENCES "User" (id)
);

insert into "Event" (id, title, description, date, time, category, address, city, state, zip, img_link, organizer_user_id, checked_in_users, location, latitude, longitude) values (1, 'cras mi pede malesuada in imperdiet et commodo vulputate justo in blandit ultrices enim', 'Integer tincidunt ante vel ipsum. Praesent blandit lacinia erat. Vestibulum sed magna at nunc commodo placerat.

Praesent blandit. Nam nulla. Integer pede justo, lacinia eget, tincidunt eget, tempus vel, pede.', '11/8/2029', '3:36 PM', 'Beauty', '123 Main Street', 'Brooklyn', 'NY', 11201, 'https://youku.com/cubilia/curae/donec.js?augue=eget&vel=tempus&accumsan=vel&tellus=pede&nisi=morbi&eu=porttitor&orci=lorem&mauris=id&lacinia=ligula&sapien=suspendisse&quis=ornare&libero=consequat&nullam=lectus&sit=in&amet=est&turpis=risus&elementum=auctor&ligula=sed&vehicula=tristique&consequat=in&morbi=tempus&a=sit&ipsum=amet&integer=sem&a=fusce&nibh=consequat&in=nulla&quis=nisl&justo=nunc&maecenas=nisl&rhoncus=duis&aliquam=bibendum&lacus=felis&morbi=sed&quis=interdum&tortor=venenatis&id=turpis&nulla=enim&ultrices=blandit&aliquet=mi&maecenas=in&leo=porttitor&odio=pede&condimentum=justo&id=eu&luctus=massa&nec=donec&molestie=dapibus&sed=duis&justo=at&pellentesque=velit&viverra=eu&pede=est&ac=congue&diam=elementum&cras=in&pellentesque=hac&volutpat=habitasse&dui=platea&maecenas=dictumst&tristique=morbi&est=vestibulum&et=velit&tempus=id&semper=pretium&est=iaculis&quam=diam&pharetra=erat&magna=fermentum&ac=justo&consequat=nec&metus=condimentum&sapien=neque&ut=sapien&nunc=placerat&vestibulum=ante&ante=nulla&ipsum=justo&primis=aliquam&in=quis&faucibus=turpis&orci=eget&luctus=elit&et=sodales&ultrices=scelerisque&posuere=mauris&cubilia=sit&curae=amet&mauris=eros&viverra=suspendisse&diam=accumsan&vitae=tortor&quam=quis&suspendisse=turpis&potenti=sed&nullam=ante&porttitor=vivamus', 738, 34, 0101000020E6100000AE76B92D367552C0C2F869DC9B614440, 40.762569, -73.8314318);
insert into "Event" (id, title, description, date, time, category, address, city, state, zip, img_link, organizer_user_id, checked_in_users, location, latitude, longitude) values (2, 'est', 'Morbi non lectus. Aliquam sit amet diam in magna bibendum imperdiet. Nullam orci pede, venenatis non, sodales sed, tincidunt eu, felis.

Fusce posuere felis sed lacus. Morbi sem mauris, laoreet ut, rhoncus aliquet, pulvinar sed, nisl. Nunc rhoncus dui vel sem.

Sed sagittis. Nam congue, risus semper porta volutpat, quam pede lobortis ligula, sit amet eleifend pede libero quis orci. Nullam molestie nibh in lectus.', '4/8/2028', '10:08 AM', 'Automotive', '456 Elm Avenue', 'New York', 'NY', 10013, 'http://stanford.edu/posuere/nonummy/integer/non/velit/donec.json?eu=elit&felis=proin&fusce=interdum&posuere=mauris&felis=non&sed=ligula&lacus=pellentesque&morbi=ultrices&sem=phasellus&mauris=id&laoreet=sapien&ut=in&rhoncus=sapien&aliquet=iaculis&pulvinar=congue&sed=vivamus&nisl=metus&nunc=arcu&rhoncus=adipiscing&dui=molestie&vel=hendrerit&sem=at&sed=vulputate&sagittis=vitae&nam=nisl&congue=aenean&risus=lectus&semper=pellentesque&porta=eget&volutpat=nunc&quam=donec&pede=quis&lobortis=orci&ligula=eget&sit=orci&amet=vehicula&eleifend=condimentum&pede=curabitur&libero=in&quis=libero&orci=ut&nullam=massa&molestie=volutpat&nibh=convallis&in=morbi&lectus=odio&pellentesque=odio&at=elementum&nulla=eu&suspendisse=interdum&potenti=eu&cras=tincidunt&in=in&purus=leo&eu=maecenas&magna=pulvinar&vulputate=lobortis&luctus=est&cum=phasellus', 461, 427, 0101000020E61000007248B42E7F7D52C0B329B2310A4F4440,	40.6174986,	-73.9608876);
insert into "Event" (id, title, description, date, time, category, address, city, state, zip, img_link, organizer_user_id, checked_in_users, location, latitude, longitude) values (3, 'molestie lorem quisque ut erat curabitur gravida nisi at nibh', 'Mauris enim leo, rhoncus sed, vestibulum sit amet, cursus id, turpis. Integer aliquet, massa id lobortis convallis, tortor risus dapibus augue, vel accumsan tellus nisi eu orci. Mauris lacinia sapien quis libero.

Nullam sit amet turpis elementum ligula vehicula consequat. Morbi a ipsum. Integer a nibh.', '1/22/2024', '9:58 PM', 'Garden', '789 Oak Street', 'Bronx', 'NY', 10453, 'https://smugmug.com/ligula/sit/amet/eleifend/pede/libero/quis.js?condimentum=tempus&curabitur=semper&in=est&libero=quam&ut=pharetra&massa=magna&volutpat=ac&convallis=consequat&morbi=metus&odio=sapien&odio=ut&elementum=nunc&eu=vestibulum&interdum=ante&eu=ipsum&tincidunt=primis&in=in&leo=faucibus&maecenas=orci&pulvinar=luctus&lobortis=et&est=ultrices&phasellus=posuere&sit=cubilia&amet=curae&erat=mauris&nulla=viverra&tempus=diam&vivamus=vitae&in=quam&felis=suspendisse&eu=potenti&sapien=nullam&cursus=porttitor&vestibulum=lacus&proin=at&eu=turpis&mi=donec&nulla=posuere&ac=metus&enim=vitae&in=ipsum&tempor=aliquam&turpis=non&nec=mauris&euismod=morbi&scelerisque=non&quam=lectus&turpis=aliquam&adipiscing=sit&lorem=amet&vitae=diam&mattis=in&nibh=magna&ligula=bibendum&nec=imperdiet&sem=nullam&duis=orci&aliquam=pede&convallis=venenatis&nunc=non&proin=sodales&at=sed&turpis=tincidunt&a=eu&pede=felis&posuere=fusce', 526, 90, 0101000020E6100000AB0FDA61027952C0CC4AEE0B43774440,	40.9317336,	-73.8907704);
insert into "Event" (id, title, description, date, time, category, address, city, state, zip, img_link, organizer_user_id, checked_in_users, location, latitude, longitude) values (4, 'lectus in quam fringilla', 'Cras mi pede, malesuada in, imperdiet et, commodo vulputate, justo. In blandit ultrices enim. Lorem ipsum dolor sit amet, consectetuer adipiscing elit.

Proin interdum mauris non ligula pellentesque ultrices. Phasellus id sapien in sapien iaculis congue. Vivamus metus arcu, adipiscing molestie, hendrerit at, vulputate vitae, nisl.

Aenean lectus. Pellentesque eget nunc. Donec quis orci eget orci vehicula condimentum.', '8/16/2023', '11:08 PM', 'Beauty', '321 Maple Lane', 'Queens', 'NY', 11368, 'http://newsvine.com/nam/ultrices/libero.xml?maecenas=curabitur&ut=convallis&massa=duis&quis=consequat&augue=dui&luctus=nec&tincidunt=nisi&nulla=volutpat&mollis=eleifend&molestie=donec&lorem=ut&quisque=dolor&ut=morbi&erat=vel&curabitur=lectus&gravida=in&nisi=quam&at=fringilla&nibh=rhoncus&in=mauris&hac=enim&habitasse=leo&platea=rhoncus&dictumst=sed&aliquam=vestibulum&augue=sit&quam=amet&sollicitudin=cursus&vitae=id&consectetuer=turpis&eget=integer&rutrum=aliquet&at=massa&lorem=id&integer=lobortis&tincidunt=convallis&ante=tortor&vel=risus&ipsum=dapibus&praesent=augue&blandit=vel&lacinia=accumsan&erat=tellus&vestibulum=nisi', 233, 212,0101000020E61000003003DF7E8A7F52C08187B36CF74F4440,	40.6247383,	-73.9928281);
insert into "Event" (id, title, description, date, time, category, address, city, state, zip, img_link, organizer_user_id, checked_in_users, location, latitude, longitude) values (5, 'nonummy integer non velit donec diam', 'In congue. Etiam justo. Etiam pretium iaculis justo.', '10/27/2026', '10:32 PM', 'Tools', '987 Pine Road', 'Staten Island', 'NY', 10301, 'http://blinklist.com/nisl/ut/volutpat/sapien/arcu.html?ut=lorem&suscipit=id&a=ligula&feugiat=suspendisse&et=ornare&eros=consequat&vestibulum=lectus&ac=in&est=est&lacinia=risus&nisi=auctor&venenatis=sed&tristique=tristique&fusce=in&congue=tempus&diam=sit&id=amet&ornare=sem&imperdiet=fusce&sapien=consequat&urna=nulla&pretium=nisl&nisl=nunc&ut=nisl&volutpat=duis&sapien=bibendum&arcu=felis&sed=sed&augue=interdum&aliquam=venenatis&erat=turpis&volutpat=enim&in=blandit&congue=mi&etiam=in&justo=porttitor&etiam=pede&pretium=justo&iaculis=eu&justo=massa&in=donec&hac=dapibus&habitasse=duis&platea=at&dictumst=velit&etiam=eu&faucibus=est&cursus=congue&urna=elementum&ut=in&tellus=hac&nulla=habitasse&ut=platea&erat=dictumst&id=morbi&mauris=vestibulum&vulputate=velit&elementum=id&nullam=pretium&varius=iaculis&nulla=diam&facilisi=erat&cras=fermentum&non=justo&velit=nec&nec=condimentum&nisi=neque&vulputate=sapien&nonummy=placerat&maecenas=ante&tincidunt=nulla&lacus=justo&at=aliquam&velit=quis&vivamus=turpis&vel=eget&nulla=elit&eget=sodales&eros=scelerisque&elementum=mauris&pellentesque=sit&quisque=amet&porta=eros&volutpat=suspendisse&erat=accumsan&quisque=tortor&erat=quis&eros=turpis&viverra=sed&eget=ante&congue=vivamus&eget=tortor&semper=duis&rutrum=mattis&nulla=egestas&nunc=metus&purus=aenean&phasellus=fermentum', 306, 118,0101000020E6100000DE6E939BF28D52C0C37E4FAC53A64540,	43.2994285,	-74.2179326);
insert into "Event" (id, title, description, date, time, category, address, city, state, zip, img_link, organizer_user_id, checked_in_users, location, latitude, longitude) values (6, 'proin leo odio porttitor id consequat in consequat ut nulla sed accumsan felis ut at dolor quis odio consequat varius', 'Cum sociis natoque penatibus et magnis dis parturient montes, nascetur ridiculus mus. Vivamus vestibulum sagittis sapien. Cum sociis natoque penatibus et magnis dis parturient montes, nascetur ridiculus mus.', '12/28/2023', '4:45 PM', 'Industrial', '654 Birch Drive', 'Brooklyn', 'NY', 11217, 'https://sitemeter.com/luctus.jsp?in=feugiat&quam=et&fringilla=eros&rhoncus=vestibulum&mauris=ac&enim=est&leo=lacinia&rhoncus=nisi&sed=venenatis&vestibulum=tristique&sit=fusce&amet=congue&cursus=diam&id=id&turpis=ornare&integer=imperdiet&aliquet=sapien&massa=urna&id=pretium&lobortis=nisl&convallis=ut&tortor=volutpat&risus=sapien&dapibus=arcu&augue=sed&vel=augue&accumsan=aliquam&tellus=erat&nisi=volutpat&eu=in&orci=congue&mauris=etiam&lacinia=justo&sapien=etiam&quis=pretium&libero=iaculis&nullam=justo&sit=in&amet=hac&turpis=habitasse&elementum=platea&ligula=dictumst&vehicula=etiam&consequat=faucibus&morbi=cursus&a=urna&ipsum=ut&integer=tellus&a=nulla&nibh=ut&in=erat&quis=id&justo=mauris&maecenas=vulputate&rhoncus=elementum&aliquam=nullam&lacus=varius&morbi=nulla&quis=facilisi&tortor=cras&id=non&nulla=velit&ultrices=nec&aliquet=nisi&maecenas=vulputate&leo=nonummy&odio=maecenas&condimentum=tincidunt&id=lacus&luctus=at&nec=velit&molestie=vivamus&sed=vel&justo=nulla&pellentesque=eget&viverra=eros&pede=elementum&ac=pellentesque&diam=quisque&cras=porta&pellentesque=volutpat&volutpat=erat&dui=quisque&maecenas=erat&tristique=eros&est=viverra&et=eget&tempus=congue&semper=eget&est=semper&quam=rutrum&pharetra=nulla&magna=nunc&ac=purus&consequat=phasellus&metus=in&sapien=felis&ut=donec', 324, 521,0101000020E6100000982ABDDB618052C0C37295383C5B4440,	40.7127753,	-74.0059728);
insert into "Event" (id, title, description, date, time, category, address, city, state, zip, img_link, organizer_user_id, checked_in_users, location, latitude, longitude) values (7, 'quis tortor id nulla ultrices aliquet maecenas leo odio condimentum id luctus nec molestie sed justo pellentesque viverra', 'Quisque id justo sit amet sapien dignissim vestibulum. Vestibulum ante ipsum primis in faucibus orci luctus et ultrices posuere cubilia Curae; Nulla dapibus dolor vel est. Donec odio justo, sollicitudin ut, suscipit a, feugiat et, eros.', '3/15/2028', '9:43 PM', 'Computers', '321 Cedar Court', 'Manhattan', 'NY', 10019, 'http://umn.edu/pellentesque.json?vel=suscipit&pede=a&morbi=feugiat&porttitor=et&lorem=eros&id=vestibulum&ligula=ac&suspendisse=est&ornare=lacinia&consequat=nisi&lectus=venenatis&in=tristique&est=fusce&risus=congue&auctor=diam&sed=id&tristique=ornare&in=imperdiet&tempus=sapien&sit=urna&amet=pretium&sem=nisl&fusce=ut&consequat=volutpat&nulla=sapien&nisl=arcu&nunc=sed&nisl=augue&duis=aliquam&bibendum=erat&felis=volutpat&sed=in&interdum=congue&venenatis=etiam&turpis=justo&enim=etiam&blandit=pretium&mi=iaculis&in=justo&porttitor=in&pede=hac&justo=habitasse&eu=platea&massa=dictumst&donec=etiam&dapibus=faucibus&duis=cursus&at=urna&velit=ut&eu=tellus&est=nulla&congue=ut&elementum=erat&in=id&hac=mauris&habitasse=vulputate&platea=elementum&dictumst=nullam&morbi=varius&vestibulum=nulla&velit=facilisi&id=cras&pretium=non&iaculis=velit&diam=nec&erat=nisi&fermentum=vulputate&justo=nonummy&nec=maecenas&condimentum=tincidunt&neque=lacus&sapien=at&placerat=velit&ante=vivamus&nulla=vel&justo=nulla&aliquam=eget&quis=eros&turpis=elementum&eget=pellentesque', 896, 720,0101000020E6100000338573B2798652C088C55EDED2474440,	40.5611227,	-74.1011778);
insert into "Event" (id, title, description, date, time, category, address, city, state, zip, img_link, organizer_user_id, checked_in_users, location, latitude, longitude) values (8, 'maecenas ut massa quis augue luctus tincidunt nulla mollis molestie lorem quisque ut erat curabitur gravida', 'Maecenas tristique, est et tempus semper, est quam pharetra magna, ac consequat metus sapien ut nunc. Vestibulum ante ipsum primis in faucibus orci luctus et ultrices posuere cubilia Curae; Mauris viverra diam vitae quam. Suspendisse potenti.', '5/28/2029', '11:54 AM', 'Baby', '987 Elm Street', 'Bronx', 'NY', 10461, 'http://paypal.com/amet/consectetuer/adipiscing.json?luctus=lorem&nec=integer&molestie=tincidunt&sed=ante&justo=vel&pellentesque=ipsum&viverra=praesent&pede=blandit&ac=lacinia&diam=erat&cras=vestibulum&pellentesque=sed&volutpat=magna&dui=at&maecenas=nunc&tristique=commodo&est=placerat&et=praesent&tempus=blandit&semper=nam&est=nulla&quam=integer&pharetra=pede&magna=justo&ac=lacinia&consequat=eget&metus=tincidunt&sapien=eget&ut=tempus&nunc=vel&vestibulum=pede&ante=morbi&ipsum=porttitor&primis=lorem&in=id&faucibus=ligula&orci=suspendisse&luctus=ornare&et=consequat&ultrices=lectus&posuere=in&cubilia=est&curae=risus&mauris=auctor&viverra=sed&diam=tristique&vitae=in&quam=tempus&suspendisse=sit&potenti=amet&nullam=sem&porttitor=fusce&lacus=consequat', 372, 886,0101000020E6100000982ABDDB618052C0C37295383C5B4440,	40.7127753,	-74.0059728);
insert into "Event" (id, title, description, date, time, category, address, city, state, zip, img_link, organizer_user_id, checked_in_users, location, latitude, longitude) values (9, 'posuere cubilia curae duis faucibus accumsan odio curabitur convallis duis consequat dui nec nisi volutpat eleifend donec ut dolor morbi', 'Aliquam quis turpis eget elit sodales scelerisque. Mauris sit amet eros. Suspendisse accumsan tortor quis turpis.', '11/29/2023', '8:17 AM', 'Industrial', '654 Oak Street', 'Queens', 'NY', 11375, 'http://g.co/pede/venenatis/non/sodales/sed/tincidunt.xml?maecenas=vitae&tincidunt=mattis&lacus=nibh&at=ligula&velit=nec&vivamus=sem&vel=duis&nulla=aliquam&eget=convallis&eros=nunc&elementum=proin&pellentesque=at&quisque=turpis&porta=a&volutpat=pede&erat=posuere&quisque=nonummy&erat=integer&eros=non&viverra=velit&eget=donec&congue=diam&eget=neque&semper=vestibulum&rutrum=eget&nulla=vulputate&nunc=ut&purus=ultrices&phasellus=vel&in=augue&felis=vestibulum&donec=ante&semper=ipsum&sapien=primis&a=in&libero=faucibus&nam=orci&dui=luctus&proin=et&leo=ultrices&odio=posuere&porttitor=cubilia&id=curae&consequat=donec&in=pharetra&consequat=magna&ut=vestibulum&nulla=aliquet&sed=ultrices&accumsan=erat&felis=tortor&ut=sollicitudin&at=mi&dolor=sit&quis=amet&odio=lobortis&consequat=sapien&varius=sapien&integer=non&ac=mi&leo=integer&pellentesque=ac&ultrices=neque&mattis=duis&odio=bibendum&donec=morbi', 695, 38,0101000020E6100000B06C8BD7617652C029D027F224754440,	40.91519,	-73.8497218);
insert into "Event" (id, title, description, date, time, category, address, city, state, zip, img_link, organizer_user_id, checked_in_users, location, latitude, longitude) values (10, 'integer ac neque duis bibendum morbi non quam nec dui luctus rutrum nulla tellus in sagittis dui vel nisl duis', 'Integer tincidunt ante vel ipsum. Praesent blandit lacinia erat. Vestibulum sed magna at nunc commodo placerat.', '2/19/2024', '4:26 PM', 'Sports', '321 Maple Road', 'Staten Island', 'NY', 10305, 'https://livejournal.com/pellentesque/ultrices/mattis/odio/donec/vitae/nisi.js?nec=ipsum&sem=dolor&duis=sit&aliquam=amet&convallis=consectetuer&nunc=adipiscing&proin=elit&at=proin&turpis=risus&a=praesent&pede=lectus&posuere=vestibulum&nonummy=quam&integer=sapien&non=varius&velit=ut&donec=blandit&diam=non&neque=interdum&vestibulum=in&eget=ante&vulputate=vestibulum&ut=ante&ultrices=ipsum&vel=primis&augue=in&vestibulum=faucibus&ante=orci&ipsum=luctus&primis=et&in=ultrices&faucibus=posuere&orci=cubilia&luctus=curae&et=duis&ultrices=faucibus&posuere=accumsan&cubilia=odio&curae=curabitur', 699, 863,0101000020E6100000435376FA417052C0942EA292DF4E4440,	40.6161979,	-73.754027);
insert into "Event" (id, title, description, date, time, category, address, city, state, zip, img_link, organizer_user_id, checked_in_users, location, latitude, longitude) values (11, 'dapibus duis at velit eu est congue elementum in hac habitasse platea dictumst morbi vestibulum velit id pretium iaculis', 'In quis justo. Maecenas rhoncus aliquam lacus. Morbi quis tortor id nulla ultrices aliquet.', '3/28/2024', '6:20 PM', 'Automotive', '789 Pine Lane', 'Brooklyn', 'NY', 11215, 'http://github.com/luctus/nec/molestie/sed/justo/pellentesque.png?quisque=orci&erat=vehicula&eros=condimentum&viverra=curabitur&eget=in&congue=libero&eget=ut&semper=massa&rutrum=volutpat&nulla=convallis&nunc=morbi&purus=odio&phasellus=odio&in=elementum&felis=eu&donec=interdum&semper=eu&sapien=tincidunt&a=in&libero=leo&nam=maecenas&dui=pulvinar&proin=lobortis&leo=est&odio=phasellus&porttitor=sit&id=amet&consequat=erat&in=nulla&consequat=tempus&ut=vivamus&nulla=in&sed=felis&accumsan=eu&felis=sapien&ut=cursus&at=vestibulum&dolor=proin&quis=eu&odio=mi&consequat=nulla&varius=ac&integer=enim&ac=in&leo=tempor&pellentesque=turpis&ultrices=nec&mattis=euismod&odio=scelerisque&donec=quam&vitae=turpis&nisi=adipiscing&nam=lorem&ultrices=vitae&libero=mattis&non=nibh&mattis=ligula&pulvinar=nec&nulla=sem&pede=duis&ullamcorper=aliquam&augue=convallis&a=nunc&suscipit=proin&nulla=at', 69, 933,0101000020E61000003493B943D47E52C085A636829E5E4440,	40.7392123,	-73.9817056);

CREATE TABLE "Live_video" (
  id SERIAL PRIMARY KEY,
  video_id VARCHAR(255) NOT NULL,
  user_id INTEGER NOT NULL,
  event_id INTEGER NOT NULL,
  FOREIGN KEY (user_id) REFERENCES "User" (id),
  FOREIGN KEY (event_id) REFERENCES "Event" (id)
);

INSERT INTO "Live_video"(id,video_id,user_id,event_id) VALUES (1,'#d0b',1,1);
INSERT INTO "Live_video"(id,video_id,user_id,event_id) VALUES (2,'#779',2,2);
INSERT INTO "Live_video"(id,video_id,user_id,event_id) VALUES (3,'#2f2',3,3);
INSERT INTO "Live_video"(id,video_id,user_id,event_id) VALUES (4,'#25e',4,4);
INSERT INTO "Live_video"(id,video_id,user_id,event_id) VALUES (5,'#e25',5,5);
INSERT INTO "Live_video"(id,video_id,user_id,event_id) VALUES (6,'#a3a',6,6);
INSERT INTO "Live_video"(id,video_id,user_id,event_id) VALUES (7,'#8e9',7,7);
INSERT INTO "Live_video"(id,video_id,user_id,event_id) VALUES (8,'#b41',8,8);
INSERT INTO "Live_video"(id,video_id,user_id,event_id) VALUES (9,'#e41',9,9);
INSERT INTO "Live_video"(id,video_id,user_id,event_id) VALUES (10,'#989',10,10);
INSERT INTO "Live_video"(id,video_id,user_id,event_id) VALUES (11,'#a4d',1,2);
INSERT INTO "Live_video"(id,video_id,user_id,event_id) VALUES (12,'#d0f',2,3);
INSERT INTO "Live_video"(id,video_id,user_id,event_id) VALUES (13,'#fd5',3,4);
INSERT INTO "Live_video"(id,video_id,user_id,event_id) VALUES (14,'#9b8',4,5);
INSERT INTO "Live_video"(id,video_id,user_id,event_id) VALUES (15,'#7a4',5,6);
INSERT INTO "Live_video"(id,video_id,user_id,event_id) VALUES (16,'#596',6,7);
INSERT INTO "Live_video"(id,video_id,user_id,event_id) VALUES (17,'#ac6',100,2);
INSERT INTO "Live_video"(id,video_id,user_id,event_id) VALUES (18,'#1bb',200,3);

-- Create the Event_attendee table with a primary key
CREATE TABLE "Event_attendee" (
  user_id INTEGER NOT NULL,
  event_id INTEGER NOT NULL,
  FOREIGN KEY (user_id) REFERENCES "User" (id),
  FOREIGN KEY (event_id) REFERENCES "Event" (id),
  PRIMARY KEY (user_id, event_id)
);

INSERT INTO "Event_attendee"(user_id,event_id) VALUES (1,1);
INSERT INTO "Event_attendee"(user_id,event_id) VALUES (2,2);
INSERT INTO "Event_attendee"(user_id,event_id) VALUES (3,3);
INSERT INTO "Event_attendee"(user_id,event_id) VALUES (4,4);
INSERT INTO "Event_attendee"(user_id,event_id) VALUES (5,5);
INSERT INTO "Event_attendee"(user_id,event_id) VALUES (6,6);
INSERT INTO "Event_attendee"(user_id,event_id) VALUES (7,7);
INSERT INTO "Event_attendee"(user_id,event_id) VALUES (8,8);
INSERT INTO "Event_attendee"(user_id,event_id) VALUES (9,9);
INSERT INTO "Event_attendee"(user_id,event_id) VALUES (9,10);
INSERT INTO "Event_attendee"(user_id,event_id) VALUES (1,2);
INSERT INTO "Event_attendee"(user_id,event_id) VALUES (2,3);
INSERT INTO "Event_attendee"(user_id,event_id) VALUES (3,4);
INSERT INTO "Event_attendee"(user_id,event_id) VALUES (5,6);
INSERT INTO "Event_attendee"(user_id,event_id) VALUES (6,7);
INSERT INTO "Event_attendee"(user_id,event_id) VALUES (7,2);
INSERT INTO "Event_attendee"(user_id,event_id) VALUES (1,3);
INSERT INTO "Event_attendee"(user_id,event_id) VALUES (3,2);
INSERT INTO "Event_attendee"(user_id,event_id) VALUES (5,2);
INSERT INTO "Event_attendee"(user_id,event_id) VALUES (5,2);
INSERT INTO "Event_attendee"(user_id,event_id) VALUES (6,2);
INSERT INTO "Event_attendee"(user_id,event_id) VALUES (7,2);
INSERT INTO "Event_attendee"(user_id,event_id) VALUES (8,2);
INSERT INTO "Event_attendee"(user_id,event_id) VALUES (9,2);
INSERT INTO "Event_attendee"(user_id,event_id) VALUES (2,3);
INSERT INTO "Event_attendee"(user_id,event_id) VALUES (9,3);
INSERT INTO "Event_attendee"(user_id,event_id) VALUES (3,3);
INSERT INTO "Event_attendee"(user_id,event_id) VALUES (1,3);
INSERT INTO "Event_attendee"(user_id,event_id) VALUES (3,4);
INSERT INTO "Event_attendee"(user_id,event_id) VALUES (9,5);
INSERT INTO "Event_attendee"(user_id,event_id) VALUES (2,8);
INSERT INTO "Event_attendee"(user_id,event_id) VALUES (8,5);
INSERT INTO "Event_attendee"(user_id,event_id) VALUES (1,7);
